{
  "Profiles": [
    {
      "ASCII Anti Aliased": true,
      "Ambiguous Double Width": false,
      "Ansi 0 Color": {
        "Blue Component": 0.1937013864517212,
        "Green Component": 0.15575926005840302,
        "Red Component": 0
      },
      "Ansi 1 Color": {
        "Blue Component": 0.14145714044570923,
        "Green Component": 0.10840655118227005,
        "Red Component": 0.8192697763442993
      },
      "Ansi 10 Color": {
        "Blue Component": 0.38298487663269043,
        "Green Component": 0.35665956139564514,
        "Red Component": 0.27671992778778076
      },
      "Ansi 11 Color": {
        "Blue Component": 0.4385056495666504,
        "Green Component": 0.4071767330169678,
        "Red Component": 0.32436618208885193
      },
      "Ansi 12 Color": {
        "Blue Component": 0.5168579816818237,
        "Green Component": 0.5096293091773987,
        "Red Component": 0.44058024883270264
      },
      "Ansi 13 Color": {
        "Blue Component": 0.7290843725204468,
        "Green Component": 0.33896297216415405,
        "Red Component": 0.3479863405227661
      },
      "Ansi 14 Color": {
        "Blue Component": 0.5636365413665771,
        "Green Component": 0.5648583769798279,
        "Red Component": 0.5059919357299805
      },
      "Ansi 15 Color": {
        "Blue Component": 0.8640598058700562,
        "Green Component": 0.9579439163208008,
        "Red Component": 0.9894341826438904
      },
      "Ansi 2 Color": {
        "Blue Component": 0.020208755508065224,
        "Green Component": 0.5411549210548401,
        "Red Component": 0.44977453351020813
      },
      "Ansi 3 Color": {
        "Blue Component": 0.023484811186790466,
        "Green Component": 0.4675142467021942,
        "Red Component": 0.6474647521972656
      },
      "Ansi 4 Color": {
        "Blue Component": 0.7823141813278198,
        "Green Component": 0.46265947818756104,
        "Red Component": 0.12754884362220764
      },
      "Ansi 5 Color": {
        "Blue Component": 0.4351663589477539,
        "Green Component": 0.10802463442087173,
        "Red Component": 0.777389407157898
      },
      "Ansi 6 Color": {
        "Blue Component": 0.5250227451324463,
        "Green Component": 0.570823609828949,
        "Red Component": 0.1467953473329544
      },
      "Ansi 7 Color": {
        "Blue Component": 0.7978110313415527,
        "Green Component": 0.8900123834609985,
        "Red Component": 0.916110634803772
      },
      "Ansi 8 Color": {
        "Blue Component": 0.38298487663269043,
        "Green Component": 0.35665956139564514,
        "Red Component": 0.27671992778778076
      },
      "Ansi 9 Color": {
        "Blue Component": 0.07353043556213379,
        "Green Component": 0.21325300633907318,
        "Red Component": 0.7417625784873962
      },
      "BM Growl": true,
      "Background Color": {
        "Blue Component": 0.15170273184776306,
        "Green Component": 0.1178361028432846,
        "Red Component": 0
      },
      "Background Image Location": "",
      "Badge Color": {
        "Alpha Component": 0.5,
        "Blue Component": 0,
        "Color Space": "sRGB",
        "Green Component": 0.1491314172744751,
        "Red Component": 1
      },
      "Blinking Cursor": false,
      "Blur": false,
      "Bold Color": {
        "Blue Component": 0.5636365413665771,
        "Green Component": 0.5648583769798279,
        "Red Component": 0.5059919357299805
      },
      "Character Encoding": 4,
      "Close Sessions On End": true,
      "Columns": 80,
      "Command": "",
      "Cursor Color": {
        "Blue Component": 0.5168579816818237,
        "Green Component": 0.5096293091773987,
        "Red Component": 0.44058024883270264
      },
      "Cursor Guide Color": {
        "Alpha Component": 0.25,
        "Blue Component": 1,
        "Color Space": "sRGB",
        "Green Component": 0.9268307089805603,
        "Red Component": 0.7021318674087524
      },
      "Cursor Text Color": {
        "Blue Component": 0.1937013864517212,
        "Green Component": 0.15575926005840302,
        "Red Component": 0
      },
      "Custom Command": "No",
      "Custom Directory": "No",
      "Default Bookmark": "No",
      "Description": "Default",
      "Disable Window Resizing": true,
      "Flashing Bell": false,
      "Foreground Color": {
        "Blue Component": 0.5168579816818237,
        "Green Component": 0.5096293091773987,
        "Red Component": 0.44058024883270264
      },
      "Guid": "zroger-dark",
      "Horizontal Spacing": 1.0,
      "Idle Code": 0,
      "Jobs to Ignore": [
        "rlogin",
        "ssh",
        "slogin",
        "telnet"
      ],
      "Keyboard Map": {
        "0x2d-0x40000": {
          "Action": 11,
          "Text": "0x1f"
        },
        "0x32-0x40000": {
          "Action": 11,
          "Text": "0x00"
        },
        "0x33-0x40000": {
          "Action": 11,
          "Text": "0x1b"
        },
        "0x34-0x40000": {
          "Action": 11,
          "Text": "0x1c"
        },
        "0x35-0x40000": {
          "Action": 11,
          "Text": "0x1d"
        },
        "0x36-0x40000": {
          "Action": 11,
          "Text": "0x1e"
        },
        "0x37-0x40000": {
          "Action": 11,
          "Text": "0x1f"
        },
        "0x38-0x40000": {
          "Action": 11,
          "Text": "0x7f"
        },
        "0xf700-0x220000": {
          "Action": 10,
          "Text": "[1;2A"
        },
        "0xf700-0x240000": {
          "Action": 10,
          "Text": "[1;5A"
        },
        "0xf700-0x260000": {
          "Action": 10,
          "Text": "[1;6A"
        },
        "0xf700-0x280000": {
          "Action": 11,
          "Text": "0x1b 0x1b 0x5b 0x41"
        },
        "0xf701-0x220000": {
          "Action": 10,
          "Text": "[1;2B"
        },
        "0xf701-0x240000": {
          "Action": 10,
          "Text": "[1;5B"
        },
        "0xf701-0x260000": {
          "Action": 10,
          "Text": "[1;6B"
        },
        "0xf701-0x280000": {
          "Action": 11,
          "Text": "0x1b 0x1b 0x5b 0x42"
        },
        "0xf702-0x220000": {
          "Action": 10,
          "Text": "[1;2D"
        },
        "0xf702-0x240000": {
          "Action": 10,
          "Text": "[1;5D"
        },
        "0xf702-0x260000": {
          "Action": 10,
          "Text": "[1;6D"
        },
        "0xf702-0x280000": {
          "Action": 11,
          "Text": "0x1b 0x1b 0x5b 0x44"
        },
        "0xf703-0x220000": {
          "Action": 10,
          "Text": "[1;2C"
        },
        "0xf703-0x240000": {
          "Action": 10,
          "Text": "[1;5C"
        },
        "0xf703-0x260000": {
          "Action": 10,
          "Text": "[1;6C"
        },
        "0xf703-0x280000": {
          "Action": 11,
          "Text": "0x1b 0x1b 0x5b 0x43"
        },
        "0xf704-0x20000": {
          "Action": 10,
          "Text": "[1;2P"
        },
        "0xf705-0x20000": {
          "Action": 10,
          "Text": "[1;2Q"
        },
        "0xf706-0x20000": {
          "Action": 10,
          "Text": "[1;2R"
        },
        "0xf707-0x20000": {
          "Action": 10,
          "Text": "[1;2S"
        },
        "0xf708-0x20000": {
          "Action": 10,
          "Text": "[15;2~"
        },
        "0xf709-0x20000": {
          "Action": 10,
          "Text": "[17;2~"
        },
        "0xf70a-0x20000": {
          "Action": 10,
          "Text": "[18;2~"
        },
        "0xf70b-0x20000": {
          "Action": 10,
          "Text": "[19;2~"
        },
        "0xf70c-0x20000": {
          "Action": 10,
          "Text": "[20;2~"
        },
        "0xf70d-0x20000": {
          "Action": 10,
          "Text": "[21;2~"
        },
        "0xf70e-0x20000": {
          "Action": 10,
          "Text": "[23;2~"
        },
        "0xf70f-0x20000": {
          "Action": 10,
          "Text": "[24;2~"
        },